Sentence,Original emoji,output emoji
"eat then, idiot.","['ğŸ³', 'ğŸ˜¡']",<pad>
Loving you and having you  is  the most successful achievement in life â™¥ï¸âœ¨,"['â¤', 'ğŸ‘¨', 'ğŸ‘‰', 'ğŸ‘¨', 'ğŸ‰']",<pad>
Imagine not being arab ğŸ’€ğŸ’€ğŸ˜­,"['ğŸ¤”', 'âŒ', 'ğŸ‘¨']",
Iâ€™m going to a concert tonight and Iâ€™m so nervousğŸ¤©,"['ğŸµ', 'ğŸŒ›', 'ğŸ˜']",
gatekeeping paintingâ€¦..,"['ğŸ‘€', 'â›ª']",
Not if I see you in water,"['âŒ', 'ğŸ‘€', 'ğŸ‘¨', 'ğŸ’¦']",
yowdi i smell small chismis.,"['ğŸ‘¨', 'ğŸ¤®']",
A lot of them niggasğŸ¤§,['ğŸ˜¡'],
jeez,['ğŸ‰'],<pad>
This panther needs Calcium Chloride!,"['ğŸ‘¨', 'ğŸ’¼', 'ğŸ’‰']",
feeling so restless,"['ğŸ¤®', 'âŒ', 'ğŸŒ›']",
Mayday ft ____ &amp; _____ - !?  Landing August 10th  ğŸš€ğŸš€ğŸŒªğŸŒª  Superrrr gassed for this month ğŸŒ›,"['ğŸ‘‹', 'ğŸ”¥', 'ğŸ‘', 'ğŸŒ›']",<pad>
am I a she/they or a they/them. I guess we will never know,"['ğŸ‘¨', 'ğŸ‘©', 'ğŸ¤”', 'ğŸ¤¦']",
That's major improvement,['ğŸ‘'],<pad>
I love being out in public and getting compliments from other members of the alphabet mafia :3,"['ğŸ‘¨', 'â¤', 'â›ª', 'ğŸ˜¡', 'ğŸ’¬']",<pad>
Called it,['ğŸ‘Œ'],<pad>
"I'm like ""when can we schedule your euthanasia?""","['ğŸ¤”', 'â°', 'ğŸ“…']",
I need like 3days rest to recover from this past weekend's stress. Back don nearly break.,"['ğŸ‘‰', 'ğŸ˜´', 'ğŸ˜·']",
Who wants to play Fortnite later?,"['ğŸ¤”', 'ğŸ®']",
HE GOING TO ESPN?ğŸ‘€ğŸ‘€ğŸ‘€Commentate La Liga,"['ğŸ‘¨', 'ğŸ‘‰', 'ğŸ‰']",
how are all of you doing today,"['ğŸ‘‹', 'ğŸ‘¨', 'ğŸ‘©', 'ğŸ¤”']",
"Making friends wherever I go, is my favorite part of trips ğŸŒ","['ğŸ‘‰', 'ğŸ‘¨', 'â¤']",
a lot of yâ€™all need to go get tested,"['ğŸ‘¨', 'ğŸ‘©', 'ğŸ‘‰', 'ğŸ“–']",
ok gn,"['ğŸ‘Œ', 'ğŸŒ›']",<pad>
How is it August already?!,"['ğŸ‘‰', 'ğŸ“…', 'ğŸ¤¦']",
me just trying to chill despite life constant fucking me over,"['ğŸ‘¨', 'ğŸ‘‰', 'ğŸ˜„', 'ğŸ‘']",
Fuck ur mama ğŸ˜£ fuck ur dad ğŸ˜£,['ğŸ˜¡'],
I miss pang,"['â¤', 'ğŸ‘¨']",<pad>
If dugg wouldve just not. He wouldâ€™ve been ok.,"['ğŸ‘¨', 'âŒ', 'ğŸ‘¨', 'ğŸ‘Œ']",
A lot of yâ€™all worried about the wrong things.,"['âŒ', 'ğŸ¤”', 'ğŸ¤¦']",<pad>
happy birthday pacar akuuu @/marklee,['ğŸ‰'],
NY Yankees P Domingo German (shoulder) placed on 10-day IL (08/01),"['ğŸƒ', 'ğŸ“…']",
My daddy beat hoes for my mama he donâ€™t beat my mama . Big difference,"['ğŸ‘¨', 'ğŸ‘‰', 'ğŸ‘©', 'ğŸ¤¦']",
After I came to this area there has come up strange tagged signs everywhere.,"['ğŸ‘¨', 'ğŸ‘‰', 'ğŸ ', 'ğŸ¤¦']",
$15k to save your murderous girlfriend with the bad back???,"['ğŸ’°', 'ğŸ‘©']",
"If ESPN FC is the answer , what is the question??","['ğŸ’¼', 'ğŸ¤”']",
mfâ€™s wonâ€™t even check on you when they know you going thru it but be quick af to ask for a favor.,"['ğŸ‘¨', 'ğŸ‘‰', 'ğŸ’¬', 'ğŸ™']",
 Coffee must've stole my phone ,"['ğŸ¤”', 'ğŸ“±']",
ğŸ­ i maybe omg marius&lt;33!! but inside talaga vyn&gt;&gt;,"['ğŸ‰', 'â¤']",<pad>
I don't do that anymore because I know he sees and he will get me what I wantğŸ˜­,"['ğŸ¤¦', 'ğŸ‘€', 'ğŸ‘¨', 'ğŸ‘‰']",<pad>
Omg george!! You deserved it!!ğŸ’™ğŸ’™ So happy for you ğŸ¥ºğŸ¥ºğŸ’™ğŸ’™,"['ğŸ‰', 'ğŸ˜„']",
Roses are gold forget me nots are olive sugar be sweet and so on,['ğŸ¤”'],
"My love for you is just like diarrhea, I just can't hold it in.ğŸ˜¦ğŸ˜§ğŸ˜ğŸ˜˜","['ğŸ‰', 'ğŸ˜„']",
SILVER MEDAL FOR MYKAYLA!!!  From plane to podium! A PHOENIX FROM THE ASHES!,['ğŸ‰'],<pad>
who is turning 30 this year? I thought dylan was turning 24,"['ğŸ‘‰', 'ğŸ“…', 'ğŸ’”']",
itâ€™s already August shit cray.,"['ğŸ‘‰', 'ğŸ“…']",
"Another hour! It's August 01, 2021 at 05:29PM","['ğŸ‘‰', 'â°', 'ğŸ“…']",
Hezbollah: Lebanese government to prosecute and punish perpetrators of Ali Shibli assassination.,"['â›ª', 'ğŸ‘', 'ğŸ™', 'ğŸ’€']",
WAIT THIS IS SO PRETTY,"['ğŸ¤”', 'ğŸ‰']",
Duck til itâ€™s safe to come outside headassss,"['ğŸ¶', 'ğŸ‘€', 'â›ª', 'ğŸ‘']",<pad>
Iâ€™m just so not interested these days,"['ğŸ˜¢', 'ğŸ’”', 'ğŸ“…']",
You can't stand up for your own Planet you can't stand up for anyting I can't stand you,"['ğŸ¤”', 'ğŸ ', 'âŒ', 'ğŸ‘‰', 'ğŸ‘¨']",<pad>
just got glorious lulu i feel like a fairy,"['ğŸ‘©', 'ğŸ¤”', 'ğŸ‘']",
"hearing story about david and johnathan in the bible now, they were definitely gay asl","['ğŸ’¬', 'ğŸ‘¨', 'â¤', 'ğŸ‘¨', 'â›ª']",<pad>
Can't believe this tweet didn't even get 100 likes..... this is a serious TOTY contender,"['ğŸ’¬', 'âŒ', 'â¤']",
Our fanbase and reactionism.,"['ğŸ¤”', 'ğŸ‰']",<pad>
I'm gonna play you some.,"['ğŸ¤”', 'ğŸ‘‰']",
I am not sure what happened but I fell pretty epically going down the stairs and almost smashed my face into the wall? It was uhhh alarming,"['ğŸ¤”', 'ğŸ’©', 'ğŸ˜¢', 'â°']",
itâ€™s ALWAYS the filo kpop stans istg,"['ğŸµ', 'ğŸ‘']",<pad>
"Donâ€™t tag your girl for national gf day if you donâ€™t want me to follow her, simple","['âŒ', 'ğŸ‘©', 'ğŸ“…', 'ğŸƒ', 'ğŸ‘©']",
RAN IS GIVING ME SEROTONIN ILY,"['ğŸ’¦', 'ğŸ‘‰', 'ğŸ¤®']",
All the very best to ur Indian Women's Hockey Team as well for QF. Go for it girls billions of wishes r with u. ğŸ¥‰ğŸ‡®ğŸ‡³ğŸ‡®ğŸ‡³ğŸ‡®ğŸ‡³ğŸ™ğŸ™ğŸ¤ğŸ¤,"['ğŸ‘©', 'ğŸƒ', 'ğŸ‘', 'ğŸ‰']",<pad>
they really removing fleets today â€¦ ğŸ˜µâ€ğŸ’«,"['âŒ', 'ğŸ ', 'ğŸ“…', 'ğŸ¤®']",<pad>
Hi guys did u want sum treats,"['ğŸ‘‹', 'ğŸ‘¨', 'ğŸ¤”']",
Nobody knows what's hidden deep inside.   WE WANT SAAKK S2,"['âŒ', 'ğŸ‘¨', 'ğŸ¤”', 'ğŸ¤¦']",
"Accidentally got a little too baked, per sources","['ğŸ”¥', 'ğŸ³']",
Mayweather look like common,"['ğŸ‘¨', 'ğŸ‘']",<pad>
â€œwe just talked two weeks agoâ€TWO WEEKS AGO,"['ğŸ‘¨', 'ğŸ’¬', 'ğŸ“…']",
"Empire College is a private for-profit phrontistery in Santa Rosa, California.","['â›ª', 'ğŸ‘‰', 'ğŸ’°']",
"Hmm, perhaps I'll look into what kind of fabric I should order for my kusuriuri cosplay  First I need to learn how kimono patterns work tho","['ğŸ¤”', 'ğŸ‘‰', 'ğŸ‘»', 'ğŸ‘”', 'ğŸ¤¦']",
"Itâ€™s August 1st yâ€™all, happy soooky vibezzzz ğŸ§¡","['ğŸ“…', 'ğŸ‰']",
Thinking about him again.,"['ğŸ¤”', 'ğŸ‘¨', 'ğŸ˜£']",
the hidden replies ğŸ˜­ğŸ˜­ ur a LOSER,"['âŒ', 'ğŸ‘€', 'ğŸ’¬', 'ğŸ˜¡']",<pad>
just lied,['ğŸ˜¡'],<pad>
. . . really interesting ğŸ§µ,['ğŸ¥°'],
We shoulda scored more.ğŸ˜,"['ğŸ™', 'ğŸ‘‰', 'ğŸ‘']",
Certainly came close to! Megaten and Persona fans are real mean and weird,"['ğŸ‘¨', 'ğŸ¤®', 'ğŸ¤¦']",
This is the content we love ğŸ¤£,"['ğŸ‘¨', 'â¤', 'ğŸ’¬']",<pad>
I have been enough to being positive person,"['ğŸ¤¦', 'âŒ', 'ğŸ˜„']",<pad>
I got trust issuesâ€¦lol,"['âŒ', 'ğŸ¥°', 'ğŸ’¬']",
"my phone says i tried to brick mephone, but i never did that!  promise :D","['ğŸ“±', 'ğŸ’¬', 'ğŸ‘‰', 'ğŸ“±', 'âŒ']",
Iâ€™m looking real breedable,"['ğŸ‘€', 'ğŸ‘']",<pad>
I hope they announce the new Satine understudy too. they  deserve the spotlight too,"['ğŸ™', 'ğŸ’¬', 'ğŸ‘‰', 'ğŸ‰']",<pad>
Trippy,['ğŸ¤”'],<pad>
LETS GOOO,['ğŸ‰'],<pad>
Knowing a nigga love you but canâ€™t love you properly is a painful situation...ğŸ˜©,"['ğŸ‘¨', 'â¤', 'ğŸ‘‰', 'ğŸ˜¢']",
My journals never did contain any deep thoughts. Just me whining about crap.,"['ğŸ“–', 'âŒ', 'ğŸ’¬']",
i haveâ€,['ğŸ‘‰'],<pad>
No excuses. Just results ğŸ˜ğŸ’°,"['âŒ', 'ğŸ’¬', 'ğŸ‘Œ']",
"God I love Seb. And I hate that I used to despise him at one point. What an incredible dude, class of the grid","['â›ª', 'â¤', 'ğŸ‘', 'ğŸ‘¨']",<pad>
"one thing about me, iâ€™m not playing with peopleâ€™s kids. you better call your ol ma.","['ğŸ‘‰', 'ğŸ‘¨', 'âŒ', 'ğŸ®', 'ğŸ‘¨']",
What yâ€™all think?,"['ğŸ‘‰', 'ğŸ¤”']",
no cuz the rest of the members are on the other side of the skateboard why are the two of them isolated,"['ğŸ‘¨', 'ğŸ‘¨', 'ğŸƒ', 'âŒ', 'ğŸ‘¨']",<pad>
"every single one but I have a soft spot for m.i.a, neverending story, levanter, slump and side effects",['â¤'],
"every second of every minute, every minute of every hour and every hour of every day.","['â°', 'ğŸ“…']",
ğŸ—£IF IT IS DELETED I AINT TWEET IT.,"['ğŸ‘‰', 'âŒ', 'ğŸ’¬']",
Ok but Top Cat being my fav character and Thomas Lennon one of my fav actors voicing him omg perfect,"['â¤', 'ğŸ‘¨', 'ğŸ‘']",
pls comment if you do want to join â¤ï¸â€ğŸ”¥ i'll be creating it once a few more people wanna join,"['ğŸ‘¨', 'ğŸ‘‰', 'ğŸ‘¨', 'ğŸ‘©', 'ğŸ‘¦']",
Iâ€™d definitely be for it. Heâ€™s clearly better than Chapman.,"['ğŸ‘Œ', 'ğŸ‘‰', 'ğŸ‘¨', 'ğŸ‘']",<pad>
Went for a swim but aquafit was in full swing so we had sweet potato fries in the cafe instead.,"['ğŸ‘‰', 'ğŸ’¦', 'ğŸ‘¨', 'ğŸ³']",
"He hugs the readers leg, snuggly wolf noises.","['ğŸ‘¨', 'ğŸ“–', 'ğŸ‘']",
"Hello everyone, due to circumstances, drawings will be published less often. :(","['ğŸ‘‹', 'âŒ', 'â°', 'ğŸ‘‰', 'ğŸ“–']",
I wanna go to brunch !,"['ğŸ¤”', 'ğŸ³']",<pad>
bitches on youtube when a new variant of covid comes out â€œcovid-19 (slowed + reverbed) ğŸ¥€ğŸ–¤â€,"['ğŸ˜¡', 'ğŸ‘©', 'ğŸ‘‰', 'ğŸ’‰']",<pad>
Lol sure,"['ğŸ˜‚', 'ğŸ‘Œ']",
Athleticism = inter-muscular coordination   *the ability of the muscles to contract (and relax) in measured harmony*,"['ğŸƒ', 'ğŸ‘', 'ğŸŒ›']",<pad>
nba is unwatchable,"['ğŸƒ', 'âŒ', 'ğŸ‘€']",
Sheâ€™s good from far but far from good,"['ğŸ‘©', 'ğŸ‘']",<pad>
"sabtu felt like a weekend, ahad feels like pre-monday","['ğŸ‘‰', 'ğŸ“…', 'ğŸ’¼']",
girl you be killinâ€™ em,"['ğŸ‘©', 'ğŸ¤¦']",
"the way school makes my anxiety worse, yho ha.a","['â›ª', 'ğŸ‘‰', 'ğŸ˜¢']",<pad>
So glad LOONA has learned we donâ€™t follow rules and will record anything,"['ğŸ™', 'ğŸ‘¨', 'âŒ', 'ğŸ¤¦']",
Wanttttt,['ğŸ¤”'],<pad>
Its august 1st ğŸ¥³ğŸ¥³ğŸ¥³,"['ğŸ“…', 'ğŸ‰']",
trust nobody,"['âŒ', 'ğŸ‘¨', 'ğŸ‘©']",<pad>
Anyone selling a hard summer ticket for today !!,"['ğŸ’°', 'ğŸ‰']",
wedge has an insanity kink,"['ğŸ‘¨', 'ğŸ‘']",
Mila said â€œfuck that cowâ€ ğŸ’€,"['ğŸ‘©', 'ğŸ’¬', 'ğŸ˜¡', 'ğŸ‘']",
So Emmanuel still get mind call Liquorose after all the love thing  Fear men ğŸ¥±,"['ğŸ‘¨', 'âŒ', 'ğŸ“±', 'ğŸ‘©', 'ğŸ“…']",<pad>
â€œFine Iâ€™ll just block you and disrespect you from thereâ€  what type of big bitch shit is that? Weak ass energy,"['âŒ', 'ğŸ“±', 'ğŸ˜¡', 'ğŸ˜£']",<pad>
Havenâ€™t been to church since Easter and pastor Raymond was speaking directly to me today . Def needed that,"['âŒ', 'ğŸ³', 'ğŸ“…', 'ğŸ‘‰', 'ğŸ³']",
I hope y'all are having a lovely weekend!,"['ğŸ™', 'ğŸ¥°', 'ğŸ“…']",
FELIX UR TOO CUTE STOP IT,"['ğŸ‘¨', 'ğŸ¥°']",
"tell me when itâ€™s over, so then i can try to understand what wouldâ€™ve just happened.","['ğŸ’¬', 'ğŸ‘¨', 'ğŸ¤”']",
â€œYou retweet some good shit man ğŸ˜‚â€. I try ğŸ¤£ğŸ¤“,"['ğŸ‘‰', 'ğŸ‘', 'ğŸ’¬']",<pad>
All that shit gone come back and bite you in the ass,"['ğŸ’©', 'ğŸ‘‰', 'ğŸ”¥']",<pad>
My hottest farmer fantasy.  Iâ€™d be useless on the farm. But I could suck that dick all day while he works.,"['ğŸ”¥', 'ğŸ‘¨', 'âŒ', 'ğŸ’©']",<pad>
IM AT 620 SINCE WHEN?!?! /pos,"['ğŸ‘‰', 'â°', 'ğŸ¤”']",
Yâ€™all hoes fake and then want come be friendly gtf,"['ğŸ‘‹', 'ğŸ˜¡', 'ğŸ¤”', 'â°']",
Fox News: OMG look at all those unvaccinated brown people.   Me: ğŸ¤¯,"['ğŸ¤”', 'ğŸ‘‰', 'ğŸ’‰', 'ğŸ¤¦']",<pad>
Summer jam finna smack,['ğŸ¤®'],<pad>
Cleaning the kitchen then having to use it is highly annoying,"['âŒ', 'ğŸ’©', 'ğŸ˜¢']",<pad>
Ou idk actually ğŸ˜­,"['âŒ', 'ğŸ¤”']",
My og like thatâ€™s dead,"['ğŸ˜£', 'ğŸ’€']",<pad>
Please don't do this to your children!,"['âŒ', 'ğŸ‘‰', 'ğŸ‘¨', 'ğŸ‘©', 'ğŸ‘¦']",
I needed this sleep,"['ğŸ‘‰', 'ğŸ˜´']",
This nigga sitting across from me donâ€™t even know how bad I wanna ...Fuck it ğŸ¤£ğŸ¤£ğŸ¤£ğŸ¤£,"['ğŸ‘©', 'ğŸ‘‰', 'ğŸ‘', 'ğŸ‘¨', 'ğŸ¤¦']",<pad>
T.G.I. Fridayâ€™s is camp,"['ğŸ‘', 'â›ª', 'ğŸ³']",<pad>
Happening already,['ğŸƒ'],<pad>
"im gonna try and make a carrd, wish me luck ğŸ™","['ğŸ‘‰', 'ğŸ™']",
mishuuuu,"['â¤', 'ğŸ‘‰']",
living with me is randomly hearing me making zombie noises from call of duty,"['ğŸ®', 'ğŸ’¬', 'ğŸ’€', 'ğŸ‘']",
how about.... just stop shipping real people ğŸ˜­,"['âŒ', 'ğŸ’°']",
Once you get used to the luxurious lifestyle there is no going back.,"['ğŸ‘‰', 'ğŸ’°', 'âŒ', 'ğŸ‘‰']",
fucked up my grammar what am i saying,"['âŒ', 'ğŸ’¬', 'ğŸ‘¨', 'ğŸ‘‰', 'ğŸ’¬']",
"When ethereum is 20k and Evols floor is 100eth you will think, damn. I should have listened to denzuul.","['ğŸ‘‰', 'âŒ', 'ğŸ’°', 'ğŸ‘', 'ğŸ’¬']",
I can't think of something else bc I'm tired but that one dynamite dance video sent through the roof,"['ğŸ¤”', 'ğŸ‘', 'ğŸƒ']",<pad>
I understand,['ğŸ‘Œ'],<pad>
closed,['âŒ'],<pad>
They canâ€™t risk him sayin some more country ass dumb shit ğŸ˜‚ğŸ˜‚ğŸ˜‚,"['âŒ', 'ğŸ’¬', 'ğŸ’©', 'ğŸ˜‚']",<pad>
his tattoos are really beautiful ğŸ˜­,['ğŸ‘'],
everybody dies top 3 maybe,"['ğŸ‘¨', 'ğŸ‘©', 'âŒ', 'ğŸ’¬']",
bg been real ghetto the past couple daysğŸ˜­ğŸ˜­ğŸ˜­,"['ğŸ’©', 'ğŸ ', 'ğŸ“…']",
"US: ""Let's hope Colorado doesn't burn again like last year!""  Mother nature: ""wish granted""","['ğŸ‘‰', 'ğŸ ', 'ğŸ”¥']",<pad>
My disappointment is immeasurable and my day is ruined,['ğŸ˜¢'],
Chase's Korean Name : Park byeon sim,['ğŸ¤¦'],
It be funny when mfs think they hurting you and ainâ€™tğŸ¥´ mad ass.,"['ğŸ˜‚', 'ğŸ¤”', 'ğŸ”¥', 'ğŸ‘‰']",
Hits so close to homeğŸ˜­,"['ğŸ¤”', 'ğŸ‘‰', 'ğŸ ']",
i just want japan to win this pls :( love the team so much (and france too of course why is it at 2 am ğŸ¤ ),"['ğŸ‘¨', 'ğŸ‘', 'ğŸ™']",
Emery is the ğŸ famğŸ˜‚ğŸ˜‚ğŸ˜‚ğŸ˜‚,"['ğŸ‘©', 'ğŸ‘', 'ğŸ“…', 'ğŸ˜‚']",<pad>
Every painter was rarely an artist.,"['ğŸ‘¨', 'âŒ', 'ğŸ“–']",
Youngboy is objectively a top 10 rapper of all time and no one can't tell me otherwise,"['ğŸ‘¨', 'ğŸ‘', 'ğŸµ', 'ğŸ“…']",
niggas be just as obsessed with celebrities donâ€™t let em fool you..,"['ğŸµ', 'ğŸ˜¡', 'ğŸ‘¨', 'âŒ', 'ğŸ’¬']",<pad>
"Although, I may end up getting in the way instead-- as usual!","['ğŸ¤¦', 'ğŸ‘', 'ğŸ¤”']",<pad>
omgggg ???? letâ€™s goooo,"['ğŸ‰', 'ğŸ‘‰', 'ğŸƒ']",
imagine being single on national gf day LMAO,"['ğŸ¤”', 'âŒ', 'ğŸ‘©', 'ğŸ¤¦']",<pad>
I feel like I'm always just shouting into the void cause no algorithm deems me worthy enough to share my shit to anyone,"['âŒ', 'ğŸ’¬', 'ğŸ‘‰', 'ğŸ’©', 'ğŸ‘¨']",<pad>
This.,['ğŸ‘‰'],<pad>
Happy 8k followers to you!. Avail her contents and VCs,"['ğŸ‰', 'ğŸƒ', 'ğŸ‘‰', 'ğŸ’¬']",
GUY.exe,['ğŸ‘¨'],
Where are all the gay identifying Olympic quality swimmers and/or lifeguards who are currently single?  I am also single.  So uh...  ğŸ‘€ ğŸ‘‰ğŸ»ğŸ‘ˆğŸ»,"['ğŸ‘¨', 'â¤', 'ğŸ‘¨', 'ğŸƒ', 'ğŸ’¦']",<pad>
tr plushies have me ugly laughing ğŸ˜­,"['ğŸ¤®', 'ğŸ˜‚', 'ğŸ˜¢']",<pad>
"Iâ€™m really the most dramatic person ever . I be cracking myself tf up cause itâ€™s like second nature now , I donâ€™t do it on purpose at all â˜ ï¸","['ğŸ‘', 'ğŸ‘¨', 'ğŸ‘Œ', 'âŒ', 'ğŸ’¬']",<pad>
"Mikel Arteta on Thomas Parteyâ€™s injury: ""I just had a talk with the doc. He'll have a scan tomorrow. At the moment it's not looking good.""","['ğŸ‘¨', 'ğŸ’¬', 'ğŸ’¼', 'ğŸ‘‰', 'ğŸ“–']",<pad>
Enzo is such a happy baby.. always smiling ğŸ’™ mommyâ€™s boy 4L âœ¨,"['ğŸ‘¨', 'ğŸ˜„']",
I really need a day in between Sunday and MondayğŸ¥²,"['ğŸ‘‰', 'ğŸ“…']",
emma stone is a very entertaining white woman im kinda obsessed,"['ğŸ‘', 'ğŸ‘©']",
Yâ€™all need yâ€™all ass beat,"['ğŸ˜¡', 'ğŸ‘‰', 'ğŸ‘¨', 'ğŸ‘©']",
"If Partey is out long term, weâ€™re gonna have a Xhaka-Elneny pivot vs Chelsea and Man City ğŸ˜­ğŸ˜­ğŸ˜­","['ğŸ‘¨', 'âŒ', 'ğŸ“…', 'ğŸ‘€', 'â›ª']",<pad>
i need to catch up with tdj,"['ğŸ‘‰', 'ğŸƒ']",<pad>
I canâ€™t believe this is real,['ğŸ¤¦'],<pad>
so ppl still hawking godz in July rethink ur morals âœŠğŸ¿ğŸ¤¡,"['ğŸ‰', 'ğŸ“…', 'ğŸ‘»']",
I will drop $1k to play some blockchain games with P2E element  Shill me your favorite ones^^,"['ğŸ®', 'ğŸ’¬', 'â¤']",<pad>
people who order sparkling water are pretentious,"['â¤', 'ğŸ’¦', 'ğŸ‘']",
This heart canâ€™t take no more.,['ğŸ’”'],
Death Counter 237,['ğŸ‘»'],<pad>
"As it turns out, closing schools and masking kids when adults have access to vaccines is BAD FOR KIDS!","['âŒ', 'â›ª', 'ğŸ¤¦', 'ğŸ‘']",
I would acc be plotting to set you up for murder like gone girl or finding a way to shag ur dad each to their own,"['ğŸ’€', 'ğŸ‘©', 'ğŸ‘‰', 'ğŸƒ']",<pad>
This the mf one.,"['ğŸ˜¡', 'ğŸ‘‰']",<pad>
wait itâ€™s almost been a year since quackity joined the dream smp right,"['ğŸ‘‰', 'ğŸ“…', 'ğŸ‘©', 'ğŸƒ']",<pad>
No one knows what you feel inside,"['âŒ', 'ğŸ¤”']",<pad>
Iâ€™m in love.,"['ğŸ‘‰', 'â¤']",
"trying to talk abt genshin w friends who dont play and having to say ""water, ice, earth"" when referring to visions","['ğŸ’¬', 'ğŸ’¦', 'ğŸ”¥', 'ğŸ‘‰', 'ğŸ‘€']",
"Dubai is making artificial rain, whatâ€™s your country making...?","['â›ª', 'ğŸ‘‰', 'ğŸ“±', 'ğŸ’¦']",
No one can wreck a happy home except the ppl in it. ğŸ˜,"['ğŸ‘¨', 'ğŸ‘©', 'ğŸ‘¦', 'â¤', 'ğŸ ', 'ğŸ‘']",<pad>
i feel sorry for my parents because they have a child who is obsessed with billie eilish,"['ğŸ˜¢', 'ğŸ‘‰', 'ğŸ‘¨', 'ğŸ‘©', 'ğŸ‘¦', 'â¤', 'ğŸ‘©']",
My friends are so pretty like wow,"['ğŸ‘¨', 'ğŸ’¬', 'ğŸ‰']",
We supposed to be planning a trip they in this mf flamingğŸ˜‚ğŸ˜‚ğŸ˜‚,"['ğŸ‘¨', 'ğŸ‘©', 'ğŸ‘¦', 'ğŸ“…', 'ğŸƒ']",
Fake news!,"['âŒ', 'ğŸ’¬', 'ğŸ˜¡']",<pad>
Love to see it ğŸ˜,"['ğŸ¥°', 'ğŸ‘€', 'ğŸ‘‰']",
"When you realize starfish eat sponges. Spongebob becomes a horror movie, with Patrick playing the long con.","['ğŸ¤”', 'ğŸ‘»']",<pad>
I can't flirt so any men interested in me please make the first move. Like right now. I'm ready!! Maybe.   FEED ME AND TELL ME I'M PRETTY!,"['âŒ', 'â¤', 'ğŸ‘¨', 'ğŸ‘‹']",<pad>
There better not be any women working at the t mobile store today,"['âŒ', 'ğŸ‘©', 'ğŸ’¼', 'â›ª']",
Already sunday evening. ğŸ˜­ I want my weekend back!,"['ğŸ“…', 'ğŸ‘‰', 'âŒ', 'â°']",
Still availableeeeğŸ¤—   Dye version C and D are SOLDâŒ,"['ğŸ‘', 'ğŸ‘‰', 'ğŸ’°']",
anyways fuck park hye soo ğŸ™ğŸ™ hope her new indie movie flops,"['ğŸ¤”', 'ğŸ˜¡', 'ğŸ‘¨', 'ğŸ™']",
Are you the sun? Because I'm always looking for you,"['ğŸ‘‰', 'ğŸŒ', 'ğŸ¤”', 'ğŸ‘€', 'ğŸ‘©']",<pad>
Ohhh thatâ€™s gross lmaoo,"['ğŸ¤®', 'ğŸ˜‚']",
"In that recent Vegas picture..lera needa keep them legs closed ,especially around corbynğŸ˜­","['ğŸ‘€', 'â›ª', 'ğŸ‘', 'ğŸ˜¢']",<pad>
mylenium ğŸ’™ 1989 ğŸ–¤,['â¤'],
i just farted,['ğŸ¤®'],<pad>
//Gonna start making people call me Conner and not Dariana ğŸ˜Š,"['â¤', 'ğŸ‘¨', 'ğŸ‰']",
Why Do I know these videos by heart ğŸ˜‚,"['ğŸ’¼', 'ğŸ‘‰', 'â¤']",<pad>
"If youâ€™re dirty, just say that.","['ğŸ‘‰', 'ğŸ¤®', 'ğŸ’¬']",
"Madam Sakura, not to speak out of position, but...  /Please/ behave yourself.","['ğŸ‘©', 'ğŸ’¬', 'ğŸ™']",
"Hey are you my assignment that is due? Pannanum thonudu, ana innum panna mudilağŸ˜Œ","['ğŸ‘‰', 'ğŸ“–', 'ğŸ“…', 'ğŸ‘©']",
Native 4K at 120 fpsâ€¦ jesusssss ğŸ”¥ğŸ”¥ğŸ”¥ğŸ”¥ğŸ”¥,"['ğŸ‘', 'ğŸ“±', 'ğŸ”¥']",
I'll be realistic and write my own ideas: The biggest reason Afghanistan is in this situation is the U.S.,"['ğŸ¤”', 'ğŸ‘‰', 'ğŸ”¥']",<pad>
I created a monster ğŸ¤¦ğŸ»â€â™€ï¸,"['ğŸ‘‰', 'ğŸ‘»', 'ğŸ¤¦']",
Boomer hiring managers pay exorbitant fees to access premium features.,"['ğŸ‘‰', 'ğŸ‘¨', 'ğŸ’¼', 'ğŸ¤”']",
Does anyone trade with interactive brokers? And whatâ€™s been your experience?,"['ğŸ¤”', 'ğŸ’°', 'ğŸ‘¨']",<pad>
"WE ARE FAMILY WITH 2 DIFFERENT LANGUAGE,FIRST ADMIN WILL TALK IN WITH ENGLISH AND SECOND ADMIN WILL TALK WITH INDONESIAN LANGUAGE. ^^","['ğŸ‘¨', 'ğŸ‘©', 'ğŸ‘¦']",<pad>
Poor Leadership.,"['ğŸ‘', 'ğŸ’¼', 'ğŸ‘¨']",<pad>
* YOU'LL BE INCINERATED BY THESE JETS OF FIRE!!,"['ğŸ‘‰', 'ğŸ”¥']",
ğŸ˜´ğŸ˜´ğŸ˜´.... I hate coffee but I had some this morning and still nothing. I feel exhausted today. ğŸ˜£,"['ğŸ˜£', 'ğŸ’¦', 'ğŸ‘‰']",<pad>
That's your dream? Aim higher babe,"['ğŸ¤”', 'ğŸ‘', 'ğŸ¥°']",
Just be proud of yourself &amp; see good things &amp; hear good things. Hope you never sad. troyesivan,"['ğŸ‘‰', 'ğŸ‰', 'ğŸ‘']",
Totally argee on this..,['ğŸ‘'],
WHAT A RACEEE ğŸ”¥ğŸ”¥ğŸ”¥,"['ğŸ‘', 'ğŸƒ']",
Proper December vibes.,"['ğŸ‘', 'ğŸ“…']",
Bruh. Iâ€™m ready for Jay to wake up and FaceTime me. I miss him ğŸ¥ºğŸ˜­,"['ğŸ‘€', 'ğŸ‘¨', 'ğŸ“±', 'â¤']",
I agree.,['ğŸ‘'],
That engagement shit a facade . Hit my joint on Twitter and asked her if she really getting married she said   nah probably not,"['ğŸ˜¡', 'ğŸ¤®', 'ğŸ’©', 'ğŸ‘']",
Sheâ€™s likely never dealt with basically a hermit before ğŸ’¢,"['ğŸ‘©', 'âŒ', 'ğŸ˜¡']",
dude i am deadass thinking of going to a community college for art music or writing,"['ğŸ‘', 'ğŸ¤”', 'â›ª', 'ğŸ“–']",
someone wish this man happy birthday,"['ğŸ™', 'ğŸ‘¨', 'ğŸ‰']",
If I go home for Christmas I might just stay here for my bday then idk I have six months to figure it out,"['ğŸ‘‰', 'ğŸ ', 'ğŸ“…', 'ğŸ¤¦']",<pad>
Worth a look!,"['ğŸ‘', 'ğŸ‘€']",<pad>
follow her or elseğŸ˜¤,"['ğŸƒ', 'ğŸ‘©']",
You can get into trouble for all kinds of unexpected things these days.,"['ğŸ‘‰', 'ğŸ’©', 'ğŸ“…']",
My family spoils my daughter so much and girl ainâ€™t even here yet ğŸ˜­,"['ğŸ‘¨', 'ğŸ‘©', 'ğŸ‘¦', 'ğŸ¥°', 'ğŸ‘©']",
Do yâ€™all understand how fast whoever made the meme of this had to be to catch it at this perfect moment ğŸ˜‚ğŸ˜‚ğŸ˜‚,"['ğŸ¤”', 'ğŸ˜‚']",<pad>
SOLAR POWER MONTH OMFGğŸŒğŸŒğŸŒğŸŒ,"['ğŸŒ', 'ğŸ”¥', 'ğŸ˜‚']",
im fucking bored,"['ğŸ¤®', 'ğŸ˜£', 'ğŸ˜´']",<pad>
Today is going to be a 2hr long episode ğŸ’‰ğŸ’‰ğŸ’‰ğŸ’‰ğŸ’‰ğŸ’‰ğŸ’‰ğŸ’‰,"['ğŸ˜´', 'ğŸ’‰']",
WHITe BOY TRY TO SELL ME VLONE LIL BOY LEAVE ME ALONE,['ğŸ˜¡'],
fighting the urge to text all my friends happy national gf day,"['ğŸƒ', 'ğŸ‰', 'ğŸ¥°']",<pad>
"Anyway, what do you want? You want to challenge me or something? â€¦I hate to say it, but I'm not in the mood for a battle now.","['ğŸ˜¡', 'âŒ']",<pad>
whatâ€™s going on ğŸ˜ŸğŸ˜Ÿ,"['ğŸ¤”', 'ğŸ˜¢']",
Fuck man everything hurts,"['ğŸ’”', 'ğŸ˜¢']",<pad>
"Don't forget that my heart once yours and your place will never be replaced but in this lifetime, our story doesn't meant to last.","['â¤', 'ğŸ¥°', 'ğŸ˜']",
Back to square one. We need Werner to fckin score man.,['ğŸ”¥'],
YOU CHAT TOO MUCH,"['ğŸ’¬', 'ğŸ˜¡']",<pad>
some people are disgusting,"['ğŸ‘¨', 'ğŸ¤®']",<pad>
I JUST TELL IT LIKE IT IS,"['ğŸ˜„', 'ğŸ¤¦']",
will magnesium citrate make u bloat like laxatives?,"['ğŸ¤”', 'ğŸ˜‚']",
Fuck the democrat secret police. Defund the FBI NOW!,['ğŸ˜¡'],<pad>
"Time dose not change people, time reveals the real face of people . ğŸ¤·ğŸ»â€â™€ï¸","['â°', 'âŒ', 'ğŸ‘¨', 'ğŸ‘¨']",
the way all these festivals are going to spread the variant at super speed,"['ğŸ‰', 'ğŸƒ']",<pad>
Gift of life,"['ğŸ‰', 'ğŸ˜„']",<pad>
"Ooh what should I wearâ€-me, the person spending the entirety of the day in their house doing chores and making food","['ğŸ‘”', 'ğŸ¤”', 'ğŸ ', 'ğŸ³']",<pad>
english song ğŸ‘€ğŸ‘€,['ğŸµ'],
Lowkey ğŸ¶,['ğŸµ'],<pad>
Donâ€™t screw with me. \nI will cry.,"['ğŸ˜¡', 'ğŸ˜¢']",
Old people be so funny on Facebook. They really donâ€™t belong on there to begin with ğŸ˜©ğŸ¤£.,"['ğŸ˜‚', 'ğŸ¤¦']",<pad>
Everything is coming to the light omgggg,"['ğŸ˜‚', 'ğŸ˜„', 'ğŸ‘']",<pad>
It seems we both refuse to die!,"['ğŸ˜„', 'ğŸ˜‚']",<pad>
THIS WAS ME WITH DEMON SLAYER HAHAHA,"['ğŸ‘»', 'ğŸ˜„', 'ğŸ˜‚']",
I don't know why I have the ticket of my first Daewoo ride still in my wallet,"['ğŸ¤”', 'ğŸ˜‚']",<pad>
how you a grown ass man and bike? grow up,"['ğŸ˜¡', 'ğŸ¤”']",
The last time you had subway,"['ğŸ¤®', 'â°', 'ğŸ³']",
Yuhuuu cant waitâ£ï¸,"['ğŸ˜„', 'ğŸ¥°']",<pad>
it's so hot that not even watermelon can refresh me,"['ğŸ”¥', 'ğŸŒ', 'ğŸ’¦']",
I was coming up with a story concept the other day and now I'm realizing it's literally just Sonny Boy,"['ğŸ¤”', 'ğŸ“…', 'ğŸ˜‚']",<pad>
I cried and i look like shit,"['ğŸ˜¢', 'ğŸ˜£', 'ğŸ‘‰', 'ğŸ’©']",
OMG TBERE ARE FIDGET SPINNERS AT SEVEN ELEVEN WHO WANT OME!?????,"['ğŸ˜', 'ğŸ¤”']",
im so ia these few daysğŸ˜­,"['ğŸ˜¢', 'ğŸ˜£']",
Iâ€™m done arguing with blackhawks fans who want Seth Jones to suck. That is my promise to you all,"['ğŸ˜¡', 'ğŸ‘']",<pad>
Always a fan from â€˜Cuse time. So smooth!,"['ğŸ¥°', 'ğŸ‘']",
Shit ainâ€™t sweet Iâ€™m not showing no love .fuck on,"['ğŸ’©', 'ğŸ˜¡', 'ğŸ‘‹']",<pad>
Amazing Firework mishap  8 am in Max and Erma's. Sydney Brannon reporting for Stock Market station.,"['ğŸ‰', 'â°', 'â›ª']",
Meow!,['ğŸ¶'],
whole tl fighting,['ğŸ”¥'],<pad>
Arsenal make me sick,"['ğŸ¤®', 'ğŸ’‰', 'ğŸ˜·']",
Being hungover ainâ€™t it bro ğŸ˜,"['ğŸ˜¢', 'ğŸ˜£']",<pad>
I have anxiety at my parents house and thatâ€™s okay. They remind me of dreams they had for me,"['ğŸ˜£', 'ğŸ‘¨', 'ğŸ‘©', 'ğŸ‘¦', 'ğŸ ', 'ğŸ¤”']",
the loafers â€¦. i need them,['ğŸ™'],<pad>
Hey go touch butts with a putride fetus Bella Medina!,['ğŸ˜‚'],
Donâ€™t shoot.,"['âŒ', 'ğŸ™']",
I need this skin too,"['ğŸ˜‚', 'ğŸ”¥', 'ğŸ™']",<pad>
canâ€™t expect honesty from someone who canâ€™t even b honest w themselvesssss,"['ğŸ¤®', 'ğŸ˜¡']",<pad>
Went to the field hockey finals in Montreal. Full of India fans. But India didnâ€™t make it.,"['ğŸƒ', 'ğŸ˜‚']",<pad>
She got sooooo mad at me while I was putting the flamingo costume on her. Then she seemed pleasantly intrigued while wearing it.,"['ğŸ‘©', 'ğŸ˜¡', 'ğŸ˜‚', 'ğŸ‘©', 'ğŸ˜„']",<pad>
twitter really allow niggas to convince themselves they smart . i miss real life,"['ğŸ“±', 'ğŸ’¬', 'ğŸ˜‚']",
I donâ€™t do the drama! Mfs be actually old and messy. I donâ€™t like that,"['âŒ', 'ğŸ˜¡', 'ğŸ˜£']",<pad>
Allure is timeless,"['ğŸ”¥', 'âŒ', 'â°']",
New Jerseyans do NOT know how to make cakes.,"['ğŸ¤®', 'âŒ']",
then you say,"['ğŸ‘¨', 'ğŸ’¬']",<pad>
How can people even Compare Billie and Nirvana.,"['ğŸ¤”', 'ğŸ‘¨', 'ğŸ‘©']",
still working on my obliques but thatâ€™s been a process LMAO,"['ğŸ’¼', 'â°', 'ğŸ˜‚']",
RTÃ‰ hate the Dublin football team and you love to see it ğŸ˜‚ğŸ˜‚ğŸ˜‚,"['ğŸ˜¡', 'ğŸ‘¨', 'ğŸ˜', 'ğŸ‘€']",<pad>
Just have to get it right once ğŸ™ğŸ½,"['ğŸ™', 'ğŸ‘Œ', 'ğŸ˜£']",<pad>
How do you expect to see me happy when you stole my happiness away?,"['ğŸ˜¡', 'ğŸ‘‰', 'ğŸ˜„', 'ğŸ’”']",
I donâ€™t fuck with fashion nova you know,"['ğŸ˜‚', 'âŒ', 'ğŸ¤¦']",<pad>
"If you're on my new snapchat acc, Im deeply sorryğŸ˜­","['ğŸ“±', 'ğŸ˜‚', 'ğŸ˜¢']",
THIS IS MY HEADER WAIT OMF,['ğŸ˜‚'],
HELP,['ğŸ™'],<pad>
i fell in love but its okay cause we in loveâœ‹ğŸ˜£,"['â¤', 'ğŸ¥°']",
A TWERK UNIT HAS SUCCESSFULLY MADE CHINA AND BRAZIL ITS OTP.,"['ğŸ‘', 'ğŸ”¥']",<pad>
this could be a tweet,"['ğŸ‘‰', 'ğŸ“±', 'ğŸ’¬']",
Try making a violet carolingian work with bile!,['ğŸ’¼'],
my edit almost done! *snorts*,"['ğŸ˜„', 'ğŸ‘Œ']",
That eyebrow cut tho,"['ğŸ‘€', 'ğŸ˜‚']",<pad>
"My birthday is in a week and a half, I better be getting carried out the club","['ğŸ‰', 'ğŸ“…', 'ğŸ˜¢']",<pad>
Short story,['ğŸ“–'],<pad>
"New month, letâ€™s go crazy","['ğŸ“…', 'ğŸ˜„', 'ğŸ”¥']",
iâ€™m so sorry :(,"['ğŸ˜¢', 'ğŸ˜£', 'ğŸ™']",
MARK'S REACTION LOL,"['ğŸ˜‚', 'ğŸ˜„', 'ğŸ‘']",
THE SHOES omg i LOVE IT,"['ğŸ‘”', 'ğŸ˜‚', 'ğŸ˜']",
I want some hot ass chicken ğŸ˜‚ğŸ˜‚,"['ğŸ˜', 'ğŸ”¥', 'ğŸ³']",<pad>
If Iâ€™m motivated just go away leave me by my own â›“,"['ğŸƒ', 'ğŸ‘‹']",
"teach me how to be okay,i dont wanna downplay my emotions","['ğŸ˜£', 'ğŸ‘Œ', 'ğŸ˜¢', 'ğŸ’”']",
i literally look so disgusting i wanna kill myself why do i loo liek this,"['ğŸ˜£', 'ğŸ¤®', 'ğŸ’€', 'ğŸ¤”', 'ğŸ‘©']",
"Nahh I hope KW rotts in hell, wtf is wrong with this man","['ğŸ™', 'ğŸ’€', 'ğŸ˜¡', 'ğŸ‘¨']",
"Boo, and I cannot stress this enough, fucking hoo.","['ğŸ˜£', 'ğŸ˜¡']",
What's the point of paying for health insurance if you're still going to be in massive debt if you get sick? What is my money going to?,"['ğŸ¤”', 'ğŸ’°', 'ğŸ‘‰', 'ğŸ¤¦']",
Beautiful Mark jumps over Laura.,"['ğŸ‘¨', 'ğŸƒ', 'ğŸ‘©']",
- these folks can only see me virtually .. ğŸ¤‘â€¼ï¸,"['ğŸ‘¨', 'ğŸ‘€', 'ğŸ˜‚']",
"sp's fanservice is just superior, literally the only thing i can thank them for aside from animation","['ğŸ‘', 'ğŸ’¬', 'ğŸ™', 'ğŸ˜']",<pad>
is there any updates on lewis?,"['ğŸ¤”', 'ğŸ’¬']",
oh mygod,"['ğŸ˜„', 'ğŸ”¥']",<pad>
i miss gfriend tonight,"['ğŸ˜', 'ğŸ‘©', 'ğŸŒ›']",
i donâ€™t even know what was this supposed to prove like,"['âŒ', 'ğŸ¤”']",<pad>
Is working at the mall boring?\nYou kinda just watch tons of people walk by the store and hope for them to walk in yours.,"['ğŸ¤”', 'ğŸ‘€', 'ğŸ‘¨', 'ğŸƒ', 'ğŸ™']",<pad>
Sanchos mother watching him play this season at United.,"['ğŸ‘©', 'ğŸ‘¨', 'ğŸ‘©', 'ğŸ‘¦', 'ğŸ‘€', 'ğŸƒ']",
Take notes for how the cathedral operates and how effective its tactics are.,"['ğŸ“–', 'ğŸ¤”']",<pad>
"All deez look good n all, but nobody trained to stick da landing?","['ğŸ‘¨', 'ğŸ‘', 'ğŸ¤”']",
I love my bestfriend,"['ğŸ¥°', 'â¤', 'ğŸ‘©']",
"So if you can help me with my social media &amp; PR life or know someone, please drop a comment. I need to take it serious.","['ğŸ™', 'ğŸ“±', 'ğŸ’¬']",
"I fell down inside my room today, landed on my butt, nobody to tell me sorry ğŸ˜­ğŸ˜­\nGod epp me say no be on top sharp objects ğŸ˜³ğŸ˜‚ğŸ˜‚","['ğŸ˜£', 'ğŸ’¬', 'ğŸ˜¢', 'ğŸ˜‚']",<pad>
I knew what I was getting into. And I won't turn back now.,"['ğŸ¤”', 'ğŸ‘‹']",<pad>
She pretty and she paid,"['ğŸ‘©', 'ğŸ’°']",
One Tweet,['ğŸ’¬'],<pad>
I really love how everyday there seems to be a new reaction image of Dante that I can use and Im just like yeessss brooo give me that shit,"['â¤', 'ğŸ“±', 'ğŸ˜„', 'ğŸ’©']",
Man off the match richard ofori,['ğŸ‘¨'],<pad>
saturday,['ğŸ“…'],<pad>
no one tell erica sullivan about rosmello,"['âŒ', 'ğŸ‘¨', 'ğŸ’¬']",
I was cheking on my old @ and the typo and how young I was makes so embarrassing to see the dms like 13 years old me sucked,"['ğŸ“±', 'ğŸ˜‚', 'ğŸ‘€', 'ğŸ¤¦']",
weirdos,['ğŸ¤®'],<pad>
Never tf again,['ğŸ˜£'],<pad>
tteokminnie do u like aussies be honest,"['ğŸ¤”', 'ğŸ˜']",
Tweetless today ğŸŒš,"['âŒ', 'ğŸ“±', 'ğŸ’¬', 'ğŸ“…']",
the new season of obx is so good,"['ğŸ“±', 'ğŸ‘', 'ğŸ”¥']",
my brother just punched a hole in my doorğŸ˜‚ğŸ˜‚ğŸ‘,"['ğŸ‘¨', 'ğŸ˜‚']",
I CNAT TAKE THIS WTF,"['ğŸ¤®', 'âŒ', 'ğŸ’©']",
I wasnâ€™t meant to have a normal life or be close to ppl idk why,"['ğŸ˜¢', 'ğŸ¤”']",<pad>
Y'all mind if I crack an edgy joke?,"['ğŸ¤”', 'ğŸ˜„', 'ğŸ˜‚']",
LMAOOOOO no way ğŸ˜­ why,"['ğŸ˜‚', 'ğŸ¤”']",
agreed but sadly now so many players are playing for the almighty dollar and not the love of the game,"['ğŸ‘', 'ğŸƒ', 'ğŸ‘‰', 'ğŸ’°', 'ğŸ‘']",<pad>
why he pop the suns like a perc then?,"['ğŸŒ', 'ğŸ¤”']",<pad>
Who wants to make eye contact,"['ğŸ¤”', 'ğŸ‘€']",
The tamale man outside and I donâ€™t have NO cash ğŸ¥²,"['ğŸ‘¨', 'âŒ', 'ğŸ’°']",
Never,"['âŒ', 'ğŸ˜¡']",<pad>
I need the Best Actor oscar because of my perfect selection of 2-for-1 cocktails lads,"['ğŸ™', 'ğŸ˜‚', 'ğŸ‘']",<pad>
"coughs. hello, I'm bisexual.","['ğŸ˜‚', 'ğŸ‘‹', 'ğŸ‘¨', 'ğŸ‘©']",
What a beautiful little girl.,"['ğŸ‘©', 'ğŸ‘']",
i want a physical book bc i really canâ€™t push myself to read on my phone,"['ğŸ“–', 'ğŸ¤¦', 'ğŸ‘€']",<pad>
GOODMORNING day 2 here we go,"['ğŸŒ', 'ğŸ“…', 'ğŸƒ']",
You sure say she get danfo money for hand ni,"['ğŸ‘Œ', 'ğŸ‘©', 'ğŸ’°']",
Iâ€™m so sick of myself,"['ğŸ˜£', 'ğŸ˜·']",
miipan is literally INSANE,"['ğŸ”¥', 'ğŸ˜‚']",
Hearing Hatikvah sung strikes pride in every Jewish heart.,"['ğŸµ', 'ğŸ‘‰', 'â¤']",
Yeah right little things matter,"['ğŸ‘Œ', 'ğŸ‘']",
Now playing Self Control by Laura Branigan!,"['ğŸµ', 'ğŸ‘‰', 'ğŸ‘©']",
Iâ€™m so chill bruh,['ğŸ˜„'],
Lizzy n Isaac surprised us at hard yesterday ğŸ¥ºğŸ¥ºğŸ¥º,"['ğŸ‘©', 'ğŸ˜', 'ğŸ“…']",
"Oh, what?",['ğŸ¤”'],<pad>
Iâ€™ll never let go Jack!,"['ğŸ˜', 'ğŸ‘¨']",<pad>
in heels up the stairs,"['ğŸ™', 'ğŸƒ']",<pad>
mO RAN STOP PLS,"['ğŸƒ', 'âŒ', 'ğŸ™']",
"He's so brave, I'll be a very proud friend he'll have:&gt;","['ğŸ‘¨', 'ğŸ‘', 'ğŸ˜']",
Hot bitches sleep with makeup that magically disappears next morning,"['ğŸ”¥', 'ğŸ‘©', 'âŒ', 'ğŸŒ']",<pad>
omg  a,['ğŸ˜‚'],<pad>
I have to shit real bad lol,"['ğŸ˜£', 'ğŸ’©', 'ğŸ‘']",<pad>
heâ€™s in his red erağŸ˜­â¤ï¸,"['ğŸ‘¨', 'ğŸ‘‰', 'â¤']",
nothing feels the same but when it goes ..... SALT AIR,"['ğŸ˜£', 'ğŸ˜¢']",
"Sometimes I wish I were a little kid again, skinned knees are easier to fix than broken hearts","['ğŸ™', 'ğŸ‘¨', 'ğŸ’”']",
Salut ğŸ¤¡ğŸ¤¡,['ğŸ‘»'],
whatâ€™s a very solid place to get piercings in Houston?,"['ğŸ¤”', 'ğŸ‘‰', 'â›ª']",
whatâ€™s my brand,['ğŸ¤”'],<pad>
ya know I think my favorite thing about life is when you ask God for a sign and he gives you exactly what you need,"['ğŸ˜', 'ğŸ‘¨', 'ğŸ’¬', 'ğŸ¤”', 'ğŸ™']",<pad>
Mmmm stockings and arm warmers. These make everyone 10x hotter.,"['ğŸ‘¨', 'ğŸ‘©', 'ğŸ”¥']",
Oh my,"['ğŸ˜‚', 'ğŸ˜„', 'ğŸ‘']",<pad>
ğŸ’€ I really always thought it was â€œBelksâ€,['ğŸ’¬'],<pad>
never seen a good looking genderfluid person ğŸ™„,"['âŒ', 'ğŸ‘€', 'ğŸ‘', 'ğŸ‘¨']",
Drop handles and follow me for quick follow back ğŸ‘‡ğŸ”¥ğŸ“,"['ğŸƒ', 'ğŸ‘‰', 'ğŸ”¥']",
IM CRYING WHY THE FUCK,"['ğŸ˜¢', 'ğŸ¤”', 'ğŸ˜£']",
brendon urie queen of k-pop,"['ğŸ‘', 'ğŸ‘©', 'ğŸµ']",
"I adore you, my Goddess of Love!! ğŸ™ŒğŸ»ğŸ˜»ğŸ’–ğŸš","['ğŸ˜', 'ğŸ‘©', 'â¤']",
Iâ€™m glad I went outside last night even though I was tired.,"['ğŸƒ', 'ğŸŒ›', 'ğŸ˜´']",<pad>
â™ªYou did a good job\nWatching those little screens\nIt warms my servos and circuits\nTo hear some fresh screamsâ™ª,"['ğŸ‘', 'ğŸ“±', 'ğŸ”¥', 'â¤']",
"Loving, authentic, breathtaking","['â¤', 'ğŸ‘']",<pad>
alina attracts weirdos,"['ğŸ‘©', 'ğŸ‘‰', 'ğŸ¤®']",<pad>
i better get an iced coffee firstâ€ - me before doing any menial task,"['ğŸ³', 'ğŸ˜´']",
Blake Havard - Wave Goodbye,"['ğŸ‘¨', 'ğŸ‘‹']",
Man of the Match is RADEBE,"['ğŸ‘¨', 'ğŸ”¥']",<pad>
2022 crypto gon be crazyyy,"['ğŸ’°', 'ğŸ”¥', 'ğŸ‘']",
"the doctor's dead, he told me he always hated you","['ğŸ’€', 'ğŸ‘¨', 'ğŸ’¬', 'ğŸ¤®']",<pad>
I havenâ€™t drove my truck so I didnâ€™t  know if I had gas he woke before he left for work and filled my gas tank up,"['âŒ', 'ğŸš—', 'ğŸ‘¨', 'ğŸ’¼']",<pad>
bruhh this! i never knew how to put it into words lmaoo,"['ğŸ˜£', 'ğŸ“±', 'ğŸ’¬']",
bunal reveal pls,['ğŸ™'],<pad>
yeaa. i'm strong. but not all the time.,"['ğŸ‘', 'âŒ', 'â°']",
Luggage left unattended may be donated to the post-industrial underclass.,"['ğŸ’¼', 'ğŸ‘‰', 'ğŸ’°', 'â›ª']",
Obtuse and stupid I think your talking about your own fandom fren,"['ğŸ‘¨', 'ğŸ’¬']",
"Ugh, this is so good!","['ğŸ˜‚', 'ğŸ¥°', 'ğŸ‘']",<pad>
Invest in your Girl because if you go broke itâ€™s her whoâ€™ll feed you not your niggas ğŸ’¯ğŸ¤·ğŸ½â€â™‚ï¸,"['ğŸ’°', 'ğŸ‘‰', 'ğŸ‘©', 'ğŸ’”']",
I'll be back soon ~~Bot,"['â°', 'ğŸ ']",<pad>
Bitch be mad as fuck when a nigga pull outğŸ˜‚,"['ğŸ‘', 'ğŸ‘©', 'ğŸ˜¡', 'ğŸ‘¨', 'ğŸƒ']",
Ummmm find a job but Iâ€™ll still take a stimi fuck you talking bout privileged ass how u mad at free money lmao,"['ğŸ‘€', 'ğŸ’¼', 'ğŸ˜¡', 'ğŸ’¬', 'ğŸ’°']",<pad>
"It b the weird energy fa me, eww thatâ€™s why i keeps my distance from folks !","['ğŸ¤®', 'ğŸ¤”', 'ğŸ‘¨']",<pad>
"say what you want about coi, but i been sing that freestyle everyday since i first heard it","['ğŸ’¬', 'ğŸµ', 'ğŸ˜„']",
Anyway 28 is good age,"['ğŸ“…', 'ğŸ‘']",
Cue the democratic infighting. Nice job guys.,"['ğŸ‘', 'ğŸ‘¨']",<pad>
I canâ€™t sleep in once Im up Iâ€™m up,"['âŒ', 'ğŸ˜´', 'ğŸ”¥']",<pad>
those bands on his bicep are gonna explode from there,"['ğŸµ', 'ğŸ”¥']",
Exactly my point,"['ğŸ‘Œ', 'ğŸ‘‰', 'ğŸ’¬']",
agustus please be nice yah! ğŸ™†â€â™€ï¸ğŸ’–ğŸ¥°ğŸª„,"['ğŸ“…', 'ğŸ™', 'ğŸ‘', 'ğŸ˜„']",
I MISSED SO MUCH WHILE I WAS ASLEEP THSI IS TOO MUCH,"['ğŸ˜', 'ğŸ˜´']",<pad>
Afternoon Ruby!,"['ğŸ˜„', 'ğŸ‘¨']",
Iâ€™ll have a 4 year old in 3 days ğŸ˜¢,"['ğŸ“…', 'ğŸ˜¢']",
Try to tell me strong Uranus in your chart doesnt make you look like this ğŸ‘½,"['ğŸ’¬', 'ğŸ‘¨', 'âŒ', 'ğŸ¤®']",<pad>
So many pics \nSo much exciting things coming up âœŒğŸ» Iâ€™ve been sworn to secrecy ğŸ‘€ğŸ‘€,"['ğŸ™', 'ğŸ˜', 'ğŸ‘']",
thinking about how surreal it was when roadtrip dropped oh my god,"['ğŸ’¬', 'ğŸš—', 'ğŸ˜‚']",
Nah man that hurts smh,"['ğŸ‘¨', 'ğŸ’”']",
Villa player back in Villa training...  nothing to see here,"['ğŸ‘¨', 'ğŸ®', 'âŒ', 'ğŸ‘€']",
soup time,"['ğŸ³', 'â°']",<pad>
"Damn, Lollapalooza fired Da Baby. Nigga had too much dip on his chip. ğŸ¤¦ğŸ¾â€â™€ï¸ğŸ¤£","['ğŸ˜‚', 'ğŸ‘©', 'ğŸ³']",
I just want a good life,['ğŸ™'],
This Joneser agrees. None of them are to be trusted.,"['ğŸ‘¨', 'ğŸ‘', 'âŒ', 'ğŸ‘¨', 'ğŸ˜¡']",
A gone girl ğŸ¥ºâ™¥ï¸,"['â°', 'âŒ', 'ğŸ‘©']",
I love Elena so much because sheâ€™ll let me cry it out and then roast me in the same 5 breaths,"['â¤', 'ğŸ‘©', 'ğŸ‘‰', 'ğŸ˜¢']",
sunmiâ€™s allegiance to the moon and misandrist agenda is v pleasing to me!! I will eat it up every time ğŸ¤,"['ğŸ‘©', 'ğŸ’¬', 'ğŸ˜„', 'ğŸ³']",<pad>
nicki mustâ€™ve changed her stage name to beyonce cause thatâ€™s a whole beyhive.,"['ğŸ‘¨', 'ğŸ‘‰', 'ğŸµ']",
Big stepper ! Iâ€™m so focused on my life and goals I canâ€™t be touched.,"['ğŸ‘', 'ğŸ”¥', 'ğŸ‘‹']",
This nigga be sayin anythingggg,"['ğŸ‘¨', 'ğŸ’¬']",
Damn itâ€™s my bday tomorrow Iâ€™m single ğŸ¥ºğŸ¥ºğŸ¥º,"['ğŸ˜£', 'ğŸ“…', 'ğŸ˜‚']",
POV: You just found your twin flame at a festival but your friends are ready to leave.,"['ğŸ‘¨', 'ğŸ‰', 'ğŸ‘¨', 'ğŸƒ', 'ğŸ‘‹']",
"Itâ€™s not beria, itâ€™s just shows how i truly care about your existence in my life","['âŒ', 'ğŸ‘‰', 'â¤', 'ğŸ¥°']",
I am winning in life right now,"['ğŸ‘', 'ğŸ”¥']",
fuck me innocently with a drill press and call me your cumslut,"['ğŸ˜£', 'ğŸ’¬', 'ğŸ‘‰', 'ğŸ‘©']",
guys he loved the gift i got him ğŸ¥ºğŸ¥ºğŸ¥º\n\ni mean ofc he did it was from me hehe,"['ğŸ‘¨', 'â¤', 'ğŸ‘‰', 'ğŸ‘¨', 'ğŸ˜‚']",
In there recording a bible scripture,"['ğŸµ', 'â›ª']",<pad>
Just go to a thrift store lol,"['ğŸƒ', 'ğŸ‘‰', 'â›ª', 'ğŸ˜„']",
I turn 27 in a week and I am not okay with officially being in my late twenties.,"['ğŸ“…', 'ğŸ˜£', 'ğŸ‘']",
"and blocking is annoying too,,","['âŒ', 'ğŸ˜£', 'ğŸ˜¡']",
hot choclety Star Wars,"['ğŸ”¥', 'ğŸ‘€']",
Redvelvet did a suprise special vlive and they are complete OT5 foreverğŸ¥º,"['ğŸ‘¨', 'ğŸ‰', 'ğŸ‘', 'â°']",
The delusion ğŸ˜µâ€ğŸ’«,"['ğŸ¤®', 'ğŸ˜£', 'ğŸ¤¦']",
Maria almost misyarnedğŸ¤­,"['ğŸ‘©', 'ğŸ¤¦']",
Letâ€™s hope today is much better,"['ğŸ‘¨', 'ğŸ™', 'ğŸ‘']",
And a large iced coffee with cream onlyâ€¦..-a large coke? Wuh..n..naw,['ğŸ³'],
*spends $800 on high quality 4k camera*\n\n*puts filter on video to make it look like it was filmed in the 70s*,"['ğŸ’°', 'ğŸ‘‰', 'ğŸ“±']",<pad>
casamigos be having a bitch feeling everything ğŸ˜‚,"['ğŸ‘©', 'ğŸ˜‚']",
And I cant stop smiling because of him ğŸ˜­,"['âŒ', 'ğŸƒ', 'ğŸ˜„', 'ğŸ‘‰', 'ğŸ‘¨']",
I thought I was the only one ğŸ˜­ğŸ˜­,"['ğŸ˜£', 'ğŸ˜¢', 'ğŸ’”']",<pad>
"How many years are we putting up with this deadwood, what length of contract did Wenger give Elneny ffs","['ğŸ“…', 'ğŸ‘¨', 'ğŸ‘©', 'ğŸ¤”']",
You people use to pass your boundary on this app. Iya Baba e ni bastard,"['ğŸ‘¨', 'ğŸƒ', 'ğŸ“±', 'ğŸ‘»']",<pad>
